cluster_id,topic,size,priority_tier,priority_score,problem_score,frustration_pct,high_value_pct,trend,growth_rate,keywords
249,Knee Pain & Injuries,163,P1-Important,0.651,10.77,91.9,97.5,stable,-0.4,"knee, pain, week, running, run"
169,Beginner Running,151,P1-Important,0.574,9.04,68.2,98.7,stable,1.8,"running, start, run, weight, walking"
239,Calf Pain,163,P1-Important,0.566,8.91,88.3,79.6,stable,0.6,"running, calves, run, week, pain"
168,"Topic: loss, running, calories",156,P1-Important,0.561,8.77,64.7,100.0,stable,1.7,"loss, running, calories, weight loss, diet"
196,"Topic: week, run, just",374,P1-Important,0.556,8.71,75.7,100.0,stable,-1.1,"week, run, just, day, running"
250,Knee Pain & Injuries,142,P1-Important,0.526,8.07,95.8,67.6,stable,0.3,"knee, pain, knees, run, week"
303,"Topic: week, run, post",22318,P2-Monitor,0.509,3.43,49.7,45.0,stable,-0.0,"week, run, post, just, title"
259,Shin Splints,2380,P1-Important,0.5,7.08,75.7,82.7,stable,-0.4,"running, splints, shin splints, pts, run"
159,Beginner Running,295,P1-Important,0.498,7.32,70.1,80.9,stable,3.6,"run, weight, start, just, walking"
195,Race Pacing,630,P1-Important,0.496,7.37,47.0,98.0,stable,-1.4,"run, running, pace, pts, 5k"
194,"Topic: run, running, week",4552,P1-Important,0.489,6.35,51.8,99.5,stable,2.3,"run, running, week, just, post"
240,Running Pain & Injuries,345,P1-Important,0.488,7.12,78.8,87.9,stable,2.8,"pts, pain, running, run, just"
24,"Topic: run, finished, running",246,P1-Important,0.484,7.23,59.8,97.6,stable,-2.6,"run, finished, running, today, just"
173,Beginner Running,175,P1-Important,0.465,6.77,51.3,91.0,stable,-0.6,"running, run, pts, program, start"
256,Knee Pain & Injuries,645,P1-Important,0.463,6.61,88.1,70.6,stable,0.3,"band, pts, running, pain, run"
186,"Topic: day, week, rest",392,P1-Important,0.454,6.58,58.4,97.1,stable,-3.4,"day, week, rest, pts, run"
23,Running Pain & Injuries,657,P1-Important,0.454,6.45,60.4,75.7,stable,-1.1,"pts, run, running, stitch, stitches"
263,Knee Pain & Injuries,779,P2-Monitor,0.426,5.79,85.6,43.8,stable,-0.0,"pain, running, pts, run, knees"
163,Strength Training for Runners,201,P1-Important,0.424,5.85,51.5,98.0,stable,0.6,"days, running, training, week, rest"
242,Plantar Fasciitis,387,P2-Monitor,0.424,5.83,77.5,73.6,stable,-0.3,"pts, plantar, running, fasciitis, plantar fasciitis"
224,"Topic: pts, running, run",242,P1-Important,0.416,5.4,42.1,91.9,growing,8.5,"pts, running, run, 5k, runner"
164,"Topic: pts, run, week",167,P1-Important,0.409,5.52,45.3,92.5,stable,0.6,"pts, run, week, just, running"
238,Running Pain & Injuries,176,P2-Monitor,0.406,5.48,86.7,34.5,stable,-0.2,"running, ankle, pain, run, ankles"
252,Running Pain & Injuries,118,P2-Monitor,0.403,5.41,86.3,23.9,stable,0.5,"pain, pts, run, running, stop"
228,Running Pain & Injuries,156,P2-Monitor,0.4,5.27,93.0,27.8,stable,2.4,"running, pain, lower, pts, run"
193,"Topic: run, 5k, 10k",527,P1-Important,0.395,5.18,42.1,90.3,stable,-0.1,"run, 5k, 10k, week, running"
243,Running Pain & Injuries,166,P2-Monitor,0.385,5.04,88.6,28.5,stable,-0.5,"pain, foot, running, run, pts"
157,Couch to 5K Program,948,P1-Important,0.372,4.7,41.4,86.1,stable,-3.3,"c25k, run, just, use, watch"
328,"Topic: pace, running, run",398,P2-Monitor,0.37,4.65,48.4,72.0,stable,0.5,"pace, running, run, pts, easy"
261,Knee Pain & Injuries,388,P2-Monitor,0.369,4.79,86.7,24.1,stable,-4.4,"running, pts, run, just, time"
260,Breathing Techniques,683,P2-Monitor,0.369,4.56,57.4,57.1,stable,0.5,"pts, running, run, inhaler, just"
321,Beginner Running,518,P1-Important,0.366,4.39,61.2,56.3,growing,5.0,"running, pts, run, started, weight"
329,Breathing Techniques,1072,P2-Monitor,0.366,4.49,40.6,73.1,stable,-1.6,"breathing, nose, running, breathe, pts"
241,Calf Pain,742,P2-Monitor,0.361,4.42,70.9,36.8,stable,-0.6,"calf, running, calves, run, pts"
262,Running Pain & Injuries,296,P2-Monitor,0.36,4.49,79.8,23.6,stable,-0.6,"pts, pain, running, run, hips"
171,"Topic: running, smoking, quit",880,P2-Monitor,0.36,4.4,80.9,40.9,stable,-1.5,"running, smoking, quit, run, just"
180,Motivation & Consistency,617,P2-Monitor,0.357,4.28,55.3,65.0,stable,1.9,"pts, run, running, just, motivation"
105,"Topic: run, running, headache",154,P2-Monitor,0.351,4.4,88.5,24.4,stable,-3.1,"run, running, headache, headaches, water"
182,"Topic: like, don, love",128,P2-Monitor,0.35,4.34,78.1,38.3,stable,-2.0,"like, don, love, enjoy, just"
340,Heart Rate Training,8576,P2-Monitor,0.348,2.61,36.3,39.1,stable,0.1,"zone, hr, heart, rate, run"
80,"Topic: running, pace, just",316,P2-Monitor,0.341,4.06,57.4,59.6,stable,-0.3,"running, pace, just, time, like"
302,Beginner Running,326,P2-Monitor,0.34,4.07,66.0,41.7,stable,-0.9,"run, start, just, weeks, day"
100,Race Discussion,131,P2-Monitor,0.338,4.13,68.2,41.1,stable,-2.9,"running, race, training, run, like"
197,"Topic: pts, running, people",973,P2-Monitor,0.336,3.78,59.7,46.0,stable,1.1,"pts, running, people, run, just"
380,Beginner Running,255,P2-Monitor,0.335,4.05,72.9,43.1,stable,-3.5,"miles, just, pace, started, felt"
212,Running Shoes,236,P2-Monitor,0.332,3.8,80.5,22.6,stable,2.2,"pts, shoes, running, numb, feet"
172,"Topic: mile, run, miles",234,P2-Monitor,0.332,3.84,71.1,36.4,stable,1.1,"mile, run, miles, running, just"
156,"Topic: day, rest, week",290,P2-Monitor,0.329,3.83,63.4,43.7,stable,-0.7,"day, rest, week, run, running"
345,"Topic: run, easy, running",533,P2-Monitor,0.327,3.67,37.8,69.6,stable,1.1,"run, easy, running, pace, slow"
245,Running Pain & Injuries,496,P2-Monitor,0.325,3.72,68.5,21.0,stable,-1.6,"pts, pt, running, physio, doctor"
137,"Topic: weight, pts, calories",1795,P2-Monitor,0.324,3.36,51.4,44.8,stable,0.9,"weight, pts, calories, running, eat"
86,"Topic: running, pts, run",3015,P2-Monitor,0.323,3.13,52.1,36.9,stable,0.8,"running, pts, run, outside, just"
354,Beginner Running,4785,P2-Monitor,0.323,2.94,58.0,34.9,stable,-4.0,"race, pace, km, time, just"
223,Running Pain & Injuries,118,P2-Monitor,0.323,3.66,71.2,19.8,stable,1.5,"run, running, pts, muscle, soreness"
142,"Topic: pts, people, fat",110,P2-Monitor,0.323,3.85,63.1,45.0,stable,-4.4,"pts, people, fat, weight, like"
181,"Topic: run, running, just",139,P2-Monitor,0.323,3.76,62.0,34.5,stable,-2.0,"run, running, just, like, going"
176,"Topic: bad, just, days",357,P2-Monitor,0.32,3.61,62.7,38.1,stable,-0.2,"bad, just, days, runs, like"
342,Beginner Running,538,P2-Monitor,0.319,3.65,63.5,42.1,stable,-3.5,"mile, miles, race, just, pace"
4,"Topic: run, just, running",151,P1-Important,0.314,3.54,15.9,96.7,stable,-1.0,"run, just, running, week, today"
88,"Topic: running, pts, pregnant",252,P2-Monitor,0.314,3.6,65.7,36.2,stable,-3.8,"running, pts, pregnant, pregnancy, run"
40,"Topic: pts, covid, running",536,P2-Monitor,0.314,3.53,60.5,38.1,stable,-3.3,"pts, covid, running, run, just"
81,"Topic: running, app, zombies run",403,P2-Monitor,0.311,3.41,41.7,51.1,stable,-0.7,"running, app, zombies run, 5k, like"
146,"Topic: run, running, weekend",5657,P2-Monitor,0.31,2.46,51.4,27.2,stable,-3.6,"run, running, weekend, week, just"
183,"Topic: run, just, depression",887,P2-Monitor,0.307,3.21,65.1,26.0,stable,-0.2,"run, just, depression, feel, anxiety"
25,"Topic: pts, period, running",834,P2-Monitor,0.305,3.26,62.0,27.9,stable,-2.4,"pts, period, running, run, just"
92,"Topic: day, long, runs",102,P2-Monitor,0.305,3.37,56.0,41.3,stable,-1.3,"day, long, runs, running, just"
177,"Topic: running, run, just",203,P2-Monitor,0.305,3.28,63.1,30.1,stable,0.5,"running, run, just, time, like"
108,"Topic: weight, pts, running",479,P2-Monitor,0.304,3.12,41.5,43.8,stable,3.2,"weight, pts, running, body, like"
348,"Topic: run, running, day",588,P2-Monitor,0.303,3.23,55.4,39.4,stable,-1.1,"run, running, day, days, week"
89,"Topic: pts, running, pelvic",245,P2-Monitor,0.301,3.36,63.3,31.0,stable,-4.8,"pts, running, pelvic, floor, pelvic floor"
276,"Topic: pts, running shoes, just",122,P2-Monitor,0.3,3.11,50.8,35.6,stable,3.2,"pts, running shoes, just, run, good"
6,Couch to 5K Program,123,P2-Monitor,0.3,2.99,25.2,74.8,stable,6.8,"paws, weblink, pts, c25k, time"
58,"Topic: running, cancer, run",218,P2-Monitor,0.299,3.3,48.2,45.9,stable,-3.9,"running, cancer, run, chemo, just"
94,Race Discussion,502,P2-Monitor,0.299,3.08,46.9,45.7,stable,0.7,"pts, race, run, just, running"
234,"Topic: pts, running, run",284,P2-Monitor,0.298,3.1,47.1,46.0,stable,0.9,"pts, running, run, just, people"
265,Running Pain & Injuries,221,P2-Monitor,0.297,2.99,60.7,21.9,stable,4.5,"pts, running, arms, shoulders, run"
277,Running Shoes,515,P2-Monitor,0.297,3.07,62.9,23.8,stable,0.1,"shoes, running, pts, barefoot, run"
114,"Topic: pts, day, run",617,P2-Monitor,0.297,3.07,54.2,36.3,stable,-0.5,"pts, day, run, running, streak"
36,Marathon Training,245,P2-Monitor,0.297,3.01,45.0,42.1,stable,3.3,"pts, running, run walk, training, method"
339,"Topic: running, easy, run",288,P2-Monitor,0.297,3.12,49.3,44.5,stable,-0.6,"running, easy, run, pts, runs"
119,"Topic: run, pts, running",131,P2-Monitor,0.296,3.17,64.6,36.9,stable,-1.3,"run, pts, running, like, feel"
155,Knee Pain & Injuries,288,P2-Monitor,0.296,3.06,61.6,27.0,stable,0.7,"pts, knees, knee, bad, run"
190,"Topic: pts, run, running",279,P2-Monitor,0.296,2.97,53.5,39.0,stable,3.4,"pts, run, running, just, like"
35,"Topic: pts, running, run",129,P3-Deprioritize,0.295,3.29,59.2,28.8,declining,-6.3,"pts, running, run, itchy, legs"
130,"Topic: pts, runs, running",257,P2-Monitor,0.294,3.02,48.9,41.8,stable,1.0,"pts, runs, running, guided, app"
306,"Topic: pts, training, week",135,P2-Monitor,0.293,3.06,55.7,30.2,stable,-0.4,"pts, training, week, overtraining, run"
233,"Topic: runner, run, running",169,P2-Monitor,0.292,3.05,51.5,40.0,stable,-0.6,"runner, run, running, like, just"
110,Running in Heat,4338,P2-Monitor,0.292,2.23,42.9,28.0,stable,0.1,"pts, run, running, heat, just"
5,"Topic: separately, separately think, run separately",100,P1-Important,0.292,2.76,6.0,85.0,stable,8.8,"separately, separately think, run separately, individually run, 10kto21k"
161,Marathon Training,137,P2-Monitor,0.292,3.14,74.1,18.5,stable,-3.2,"race, dnf, marathon, just, mile"
379,Race Pacing,1182,P2-Monitor,0.29,2.84,49.7,40.8,stable,-1.7,"mile, miles, race, pace, hill"
247,"Topic: swimming, running, pts",353,P2-Monitor,0.29,2.98,59.7,25.8,stable,-1.0,"swimming, running, pts, run, pool"
131,Training Plans,233,P2-Monitor,0.289,2.77,42.6,42.2,growing,5.8,"pts, run, plan, running, training"
235,"Topic: team, pts, school",252,P3-Deprioritize,0.289,3.12,54.4,37.1,declining,-5.4,"team, pts, school, running, track"
198,"Topic: dog, running, run",290,P2-Monitor,0.288,2.96,39.9,46.2,stable,-1.4,"dog, running, run, title, pts title"
209,"Topic: left, people, just",226,P2-Monitor,0.287,3.01,61.5,31.0,stable,-3.1,"left, people, just, right, don"
160,Heart Rate Training,502,P3-Deprioritize,0.287,3.03,47.6,43.9,declining,-5.7,"running, maf, training, hr, run"
325,Training Plans,1268,P2-Monitor,0.287,2.73,43.3,40.1,stable,-1.1,"half, marathon, training, run, half marathon"
200,"Topic: dogs, run, leash",936,P2-Monitor,0.286,2.66,66.9,14.7,stable,3.2,"dogs, run, leash, running, just"
376,Race Discussion,3274,P2-Monitor,0.286,2.24,50.7,23.4,stable,2.2,"race, miles, mile, aid, station"
170,"Topic: run, running, high",180,P2-Monitor,0.286,2.87,53.4,29.3,stable,0.9,"run, running, high, like, just"
11,Marathon Training,145,P2-Monitor,0.286,2.98,53.1,38.6,stable,-2.5,"race, pts, run, running, mile"
178,"Topic: running, run, just",255,P2-Monitor,0.285,3.0,61.4,27.6,stable,-4.4,"running, run, just, sorry, time"
72,Running Pain & Injuries,128,P2-Monitor,0.285,3.04,67.3,14.7,stable,-4.8,"ibuprofen, pts, pain, nsaids, run"
349,Race Discussion,142,P2-Monitor,0.285,2.97,61.9,28.1,stable,-3.1,"pts, run, time, just, training"
42,"Topic: pts, running, nose",314,P2-Monitor,0.284,2.9,58.0,26.2,stable,-2.1,"pts, running, nose, run, snot"
125,"Topic: bra, sports, bras",422,P2-Monitor,0.284,2.86,68.0,15.2,stable,-1.9,"bra, sports, bras, running, sports bra"
264,"Topic: pts, running, run",1517,P2-Monitor,0.282,2.56,42.6,34.1,stable,-0.6,"pts, running, run, stride, 180"
62,"Topic: compression, pts, socks",254,P2-Monitor,0.281,2.75,59.8,22.3,stable,0.8,"compression, pts, socks, tape, running"
299,"Topic: pts, running, walking",260,P2-Monitor,0.281,2.64,45.0,36.2,stable,4.2,"pts, running, walking, breaks, run walk"
175,"Topic: pts, run, b210k",104,P2-Monitor,0.281,2.86,31.1,47.6,stable,-1.7,"pts, run, b210k, week, 5k"
253,Running Shoes,280,P2-Monitor,0.28,2.84,65.8,11.8,stable,-2.7,"pts, toe, shoes, running, feet"
165,"Topic: running, run, drinking",974,P2-Monitor,0.28,2.67,59.2,21.4,stable,-1.8,"running, run, drinking, just, drink"
128,Beginner Running,423,P2-Monitor,0.28,2.71,48.7,37.4,stable,0.1,"pts, race, people, start, just"
70,Marathon Training,108,P2-Monitor,0.279,2.85,53.7,38.0,stable,-2.7,"term, goals, run, like, term running"
133,"Topic: calories, running, burn",108,P2-Monitor,0.279,2.81,34.8,43.8,stable,-1.6,"calories, running, burn, fat, pts"
30,"Topic: running, run, pts",247,P2-Monitor,0.278,2.73,55.4,26.2,stable,-0.5,"running, run, pts, grass, concrete"
319,Training Plans,385,P3-Deprioritize,0.277,2.89,43.2,43.0,declining,-6.7,"marathon, plan, run, pts, training"
318,Race Pacing,508,P2-Monitor,0.277,2.59,38.6,40.8,stable,1.7,"run, pts, 5k, running, training"
266,"Topic: running, pts, form",1077,P2-Monitor,0.277,2.46,49.0,27.0,stable,2.1,"running, pts, form, heel, foot"
305,Race Pacing,217,P2-Monitor,0.277,2.6,55.1,29.0,stable,2.8,"bridge, mile, miles, race, golden"
102,"Topic: running, pts, eating",240,P2-Monitor,0.276,2.79,64.8,16.8,stable,-3.7,"running, pts, eating, disorder, just"
251,Strength Training for Runners,2834,P2-Monitor,0.276,2.12,41.7,26.9,stable,1.0,"running, pts, strength, training, run"
232,"Topic: people, run, don",106,P2-Monitor,0.275,2.71,63.9,19.4,stable,-1.4,"people, run, don, just, like"
82,Marathon Training,138,P2-Monitor,0.274,2.68,61.3,20.4,stable,-0.8,"pts, race, nipples, run, time"
278,Running Shoes,534,P2-Monitor,0.274,2.6,56.3,22.3,stable,-0.8,"pts, drop, shoes, wide, running"
150,Beginner Running,627,P2-Monitor,0.273,2.5,41.8,33.8,stable,1.2,"running, age, years, run, just"
118,Marathon Training,108,P2-Monitor,0.273,2.7,56.0,20.7,stable,-1.9,"cramps, pts, cramping, marathon, electrolytes"
201,"Topic: running, run, bugs",146,P2-Monitor,0.273,2.7,69.1,12.5,stable,-2.1,"running, run, bugs, bug, like"
109,"Topic: pts, run, sleep",2436,P2-Monitor,0.273,2.2,46.4,23.3,stable,-0.4,"pts, run, sleep, morning, running"
316,"Topic: run, running, post",1755,P2-Monitor,0.273,2.18,30.5,37.0,stable,3.9,"run, running, post, title, pts title"
373,Beginner Running,164,P2-Monitor,0.273,2.72,55.4,38.0,stable,-3.5,"mile, miles, wind, pace, race"
244,Strength Training for Runners,287,P2-Monitor,0.272,2.64,51.5,27.5,stable,-1.8,"running, run, like, good, just"
275,Running Shoes,2794,P2-Monitor,0.272,2.15,49.2,17.7,stable,-1.7,"shoes, pts, running, shoe, like"
185,"Topic: running, run, think",200,P2-Monitor,0.271,2.73,57.1,29.1,stable,-4.6,"running, run, think, just, mind"
309,Training Plans,275,P2-Monitor,0.271,2.55,52.2,24.5,stable,0.4,"marathon, plan, training, race, pts"
355,Training Plans,442,P3-Deprioritize,0.271,2.71,51.9,34.8,declining,-5.8,"week, run, training, runs, miles"
300,"Topic: running, pts, fitness",235,P2-Monitor,0.27,2.58,51.9,28.4,stable,-1.0,"running, pts, fitness, week, weeks"
257,"Topic: roller, pts, rolling",152,P2-Monitor,0.27,2.6,56.9,17.6,stable,-1.3,"roller, pts, rolling, foam roller, foam rolling"
50,Heart Rate Training,117,P2-Monitor,0.27,2.61,65.5,18.1,stable,-1.4,"heart, pts, running, just, ve"
28,Race Discussion,174,P2-Monitor,0.27,2.4,45.9,30.2,stable,4.2,"mile, beer mile, beers, like, run"
174,"Topic: run, running, like",392,P2-Monitor,0.269,2.37,47.6,28.4,stable,3.9,"run, running, like, runner, runners"
18,Race Pacing,154,P2-Monitor,0.269,2.5,46.8,31.2,stable,1.2,"race, mile, run, running, time"
144,"Topic: running, run, fall",260,P2-Monitor,0.269,2.61,61.5,17.1,stable,-3.0,"running, run, fall, just, fell"
208,"Topic: run, running, just",1238,P2-Monitor,0.269,2.23,60.6,11.3,stable,2.7,"run, running, just, don, like"
14,"Topic: contacts, wear, running",126,P2-Monitor,0.267,2.43,67.7,5.6,stable,2.0,"contacts, wear, running, run, just"
364,Race Discussion,680,P3-Deprioritize,0.266,2.54,55.1,26.6,declining,-5.1,"pts, race, time, finish, just"
147,Race Pacing,211,P2-Monitor,0.266,2.33,47.9,28.4,stable,4.0,"race, mile, miles, marathon, pts"
350,"Topic: run, running, mile",433,P2-Monitor,0.266,2.39,38.7,33.7,stable,0.6,"run, running, mile, pts, test"
104,Race Discussion,1128,P2-Monitor,0.265,2.35,51.1,25.6,stable,-2.7,"race, pts, mile, park, miles"
366,Race Pacing,253,P2-Monitor,0.263,2.32,32.4,46.0,stable,2.4,"run, 5k, running, pts, pace"
63,"Topic: run, running, kids",913,P2-Monitor,0.263,2.42,53.0,23.2,stable,-4.8,"run, running, kids, just, like"
269,Running Shoes,411,P2-Monitor,0.263,2.21,51.5,16.6,stable,4.7,"pts, miles, running, pair, new"
38,"Topic: pts, day, vaccine",101,P3-Deprioritize,0.263,2.81,68.0,19.0,declining,-12.3,"pts, day, vaccine, shot, run"
230,"Topic: pts, stretching, run",1546,P2-Monitor,0.262,2.16,41.0,27.0,stable,-1.3,"pts, stretching, run, warm, stretch"
336,"Topic: run, time, post",2415,P2-Monitor,0.262,1.83,26.1,32.6,stable,3.5,"run, time, post, running, title"
356,Marathon Training,2062,P3-Deprioritize,0.262,2.26,39.8,31.1,declining,-7.8,"10, 11, race, marathon, running"
78,"Topic: running, run, pts",1180,P2-Monitor,0.262,2.26,39.7,30.4,stable,-2.7,"running, run, pts, club, group"
344,"Topic: half marathon, running, run",930,P2-Monitor,0.262,2.09,36.7,29.9,stable,4.1,"half marathon, running, run, time, post"
57,"Topic: hills, pts, hill",2137,P2-Monitor,0.261,2.04,33.3,29.2,stable,-1.7,"hills, pts, hill, run, running"
304,Race Pacing,232,P2-Monitor,0.261,2.3,30.4,38.7,stable,1.7,"pts, pace, race, negative, split"
324,"Topic: run, time, pace",110,P2-Monitor,0.261,2.26,38.2,34.3,stable,3.6,"run, time, pace, pts, running"
326,Training Plans,637,P2-Monitor,0.261,2.27,41.1,30.7,stable,-0.2,"run, training, pts, running, week"
37,Marathon Training,860,P2-Monitor,0.26,2.23,49.7,24.0,stable,-0.5,"pts, race, disney, marathon, run"
337,"Topic: pts, run, mile",420,P2-Monitor,0.26,2.26,27.7,40.1,stable,1.2,"pts, run, mile, running, miles"
317,Marathon Training,156,P2-Monitor,0.26,2.48,52.2,28.6,stable,-4.6,"pts, run, bonk, wall, marathon"
381,Beginner Running,313,P3-Deprioritize,0.259,2.46,55.6,26.5,declining,-5.2,"race, mile, miles, start, time"
8,"Topic: pts, donating, run",195,P2-Monitor,0.259,2.4,45.4,31.0,stable,-2.8,"pts, donating, run, donation, running"
271,Marathon Training,360,P2-Monitor,0.259,2.2,59.2,10.6,stable,2.4,"pts, race, course, marathon, runners"
254,Running Shoes,381,P2-Monitor,0.259,2.3,55.3,14.5,stable,-1.1,"blisters, pts, blister, socks, shoes"
331,Beginner Running,102,P2-Monitor,0.258,2.31,54.9,21.6,stable,-0.2,"race, marathon, pts, paris, running"
187,Race Discussion,103,P2-Monitor,0.257,2.34,55.7,19.6,stable,-1.6,"headphones, race, music, run, people"
310,Marathon Training,187,P3-Deprioritize,0.257,2.44,53.6,19.1,declining,-5.5,"marathon, run, distance, like, running"
357,"Topic: week, 10, run",387,P2-Monitor,0.256,2.2,38.8,29.8,stable,0.3,"week, 10, run, pts, running"
225,Training Plans,475,P2-Monitor,0.256,2.29,56.5,11.8,stable,-3.0,"running, pts, training, coaching, run"
33,"Topic: air, run, running",334,P2-Monitor,0.255,2.33,50.9,21.0,stable,-4.0,"air, run, running, smoke, quality"
365,Race Pacing,450,P2-Monitor,0.255,2.27,46.8,27.9,stable,-3.0,"pts, race, mile, run, miles"
7,"Topic: headphones, running, ear",1309,P2-Monitor,0.254,2.0,55.4,10.5,stable,-0.2,"headphones, running, ear, ve, run"
107,"Topic: pts, run, running",711,P2-Monitor,0.254,2.07,51.2,13.5,stable,1.2,"pts, run, running, coffee, poop"
314,Marathon Training,166,P3-Deprioritize,0.254,2.48,42.8,36.1,declining,-8.1,"pts, marathon, bq, running, boston"
202,"Topic: run, running, just",1038,P2-Monitor,0.254,1.99,52.6,14.5,stable,1.4,"run, running, just, like, bear"
179,Marathon Training,115,P2-Monitor,0.253,2.18,45.2,27.0,stable,0.5,"pts, race, mile, miles, marathon"
273,Running Shoes,222,P2-Monitor,0.252,2.16,56.2,10.9,stable,-0.3,"pts, shoes, laces, shoe, lacing"
55,"Topic: running, pts, trails",473,P2-Monitor,0.252,2.04,38.2,28.5,stable,1.9,"running, pts, trails, run, road"
199,"Topic: pts, dog, running",719,P2-Monitor,0.251,2.17,44.7,23.9,stable,-3.7,"pts, dog, running, run, dogs"
101,Race Pacing,346,P2-Monitor,0.251,2.28,36.0,35.2,stable,-5.5,"pace, pts, pacer, race, pacers"
39,Cold Weather Running,391,P2-Monitor,0.251,2.16,48.3,18.0,stable,-2.0,"pts, run, sick, running, cold"
301,Training Plans,294,P2-Monitor,0.25,2.18,46.2,23.6,stable,-2.4,"garmin, plan, training, run, pts"
12,Running Shoes,154,P2-Monitor,0.25,2.25,48.6,22.9,stable,-3.7,"beach, sand, pts, running, run"
66,"Topic: running, strava, training",177,P3-Deprioritize,0.249,2.45,50.8,29.4,declining,-10.5,"running, strava, training, run, lurker"
191,"Topic: running, run, podcasts",235,P2-Monitor,0.249,2.06,42.9,27.7,stable,0.9,"running, run, podcasts, music, listen"
67,"Topic: road, trail, run",229,P2-Monitor,0.249,2.21,47.2,28.8,stable,-3.8,"road, trail, run, work, treadmill"
16,"Topic: pts, run, people",710,P2-Monitor,0.249,2.12,33.5,30.0,stable,-3.9,"pts, run, people, just, running"
311,Race Discussion,155,P2-Monitor,0.249,2.2,43.9,28.0,stable,-3.0,"pts, run, weeks, running, week"
75,"Topic: pts, blood, running",298,P2-Monitor,0.249,2.11,44.2,20.9,stable,-1.1,"pts, blood, running, just, deficiency"
115,"Topic: year, month, run",482,P3-Deprioritize,0.248,2.3,46.8,26.9,declining,-8.4,"year, month, run, running, goal"
112,Running Shoes,404,P2-Monitor,0.248,1.93,44.2,23.2,stable,3.5,"running, run, wear, just, wet"
378,"Topic: finish, mile, time",707,P2-Monitor,0.247,2.1,48.2,23.6,stable,-4.6,"finish, mile, time, line, just"
327,Half Marathon,286,P2-Monitor,0.247,1.98,43.5,26.5,stable,1.4,"training, sub, run, pts, time"
227,"Topic: running, cycling, training",679,P3-Deprioritize,0.247,2.11,44.4,24.1,declining,-5.1,"running, cycling, training, pts, cross"
127,"Topic: shorts, running, like",1753,P2-Monitor,0.247,1.86,51.3,9.5,stable,-3.8,"shorts, running, like, run, just"
65,Race Discussion,160,P2-Monitor,0.246,2.29,65.0,7.5,stable,-7.5,"run, race, running, question, like"
210,"Topic: car, right, run",382,P3-Deprioritize,0.246,2.29,57.9,18.5,declining,-9.2,"car, right, run, just, stop"
255,"Topic: pts, glutes, running",156,P2-Monitor,0.246,2.15,47.4,20.4,stable,-3.5,"pts, glutes, running, run, like"
98,"Topic: sweat, pts, sweating",149,P2-Monitor,0.246,2.05,44.8,20.0,stable,-0.5,"sweat, pts, sweating, just, like"
56,Race Discussion,308,P2-Monitor,0.246,1.99,39.1,28.0,stable,0.1,"altitude, pts, elevation, level, sea"
69,Marathon Training,238,P2-Monitor,0.245,2.15,52.1,21.0,stable,-4.5,"marathon, just, term, goals, race"
113,"Topic: pts, run, running",362,P2-Monitor,0.245,2.04,43.7,22.5,stable,-1.6,"pts, run, running, like, running rain"
280,"Topic: rest, rest days, day",104,P2-Monitor,0.245,2.06,46.2,21.7,stable,-0.8,"rest, rest days, day, running, run"
334,Running Watches & Tech,125,P2-Monitor,0.244,2.09,33.3,30.1,stable,-2.4,"pace, app, pts, run, time"
231,"Topic: run, running, races",109,P2-Monitor,0.244,2.09,42.9,28.6,stable,-2.5,"run, running, races, just, like"
206,"Topic: wave, people, run",448,P2-Monitor,0.244,2.04,46.1,20.0,stable,-3.2,"wave, people, run, just, running"
382,Beginner Running,676,P2-Monitor,0.243,1.95,42.9,20.3,stable,-2.3,"start, got, mile, miles, run"
85,"Topic: running, run, just",665,P3-Deprioritize,0.242,2.07,48.3,20.8,declining,-6.5,"running, run, just, jogging, time"
258,"Topic: pts, massage, gun",145,P3-Deprioritize,0.242,2.26,51.0,13.1,declining,-9.0,"pts, massage, gun, massage gun, use"
308,Race Pacing,302,P2-Monitor,0.242,2.06,45.2,22.9,stable,-4.4,"mile, race, miles, bridge, just"
149,"Topic: pts, track, run",453,P2-Monitor,0.241,1.89,45.7,15.5,stable,-0.4,"pts, track, run, running, route"
207,"Topic: miles, mi, week",145,P3-Deprioritize,0.241,2.37,40.5,37.8,declining,-13.2,"miles, mi, week, run, easy"
48,Marathon Training,739,P2-Monitor,0.241,1.85,51.7,12.2,stable,-1.2,"race, people, marathon, just, like"
71,Marathon Training,107,P2-Monitor,0.241,2.05,53.3,16.8,stable,-3.6,"race, pts, marathon, tokyo, run"
122,"Topic: phone, running, belt",672,P2-Monitor,0.241,1.84,52.4,9.0,stable,-0.5,"phone, running, belt, flipbelt, run"
237,"Topic: running, run, week",153,P2-Monitor,0.24,1.91,26.6,33.1,stable,-0.2,"running, run, week, just, pts"
367,"Topic: 20, run, sub",472,P2-Monitor,0.237,1.85,36.1,26.1,stable,-1.8,"20, run, sub, pts, running"
274,Running Shoes,116,P2-Monitor,0.237,1.83,48.6,6.5,stable,0.3,"size, running, shoe, pts, feet"
145,"Topic: pts, running, thread",1313,P2-Monitor,0.236,1.74,34.8,20.1,stable,-4.7,"pts, running, thread, post, reddit"
87,"Topic: treadmill, pts, running",603,P3-Deprioritize,0.235,1.91,50.7,14.1,declining,-5.9,"treadmill, pts, running, like, run"
21,Race Discussion,147,P2-Monitor,0.235,1.73,30.3,21.7,stable,2.1,"turkey trot, 5k, race, run, thanksgiving"
134,Race Discussion,1802,P2-Monitor,0.234,1.52,37.0,14.9,stable,-1.6,"pts, gels, run, like, gel"
341,Race Discussion,109,P2-Monitor,0.234,1.82,43.1,18.3,stable,-0.9,"pts, race, pittsburgh, mile, miles"
353,Running Watches & Tech,2355,P2-Monitor,0.233,1.41,40.3,9.2,stable,-2.6,"watch, pts, garmin, running, apple"
84,"Topic: pts, run, time",255,P3-Deprioritize,0.233,1.95,46.9,19.0,declining,-6.8,"pts, run, time, running, baby"
362,Marathon Training,108,P2-Monitor,0.232,1.75,36.5,24.0,stable,0.1,"marathon, pts, training, time, california"
96,"Topic: run, running, shirtless",228,P3-Deprioritize,0.232,2.02,50.5,17.3,declining,-9.1,"run, running, shirtless, shirt, just"
211,"Topic: run, running, bike",108,P2-Monitor,0.232,1.78,52.8,13.0,stable,-1.0,"run, running, bike, road, sidewalk"
15,"Topic: bot_metric, www, https www",154,P3-Deprioritize,0.232,2.18,27.6,40.4,declining,-13.5,"bot_metric, www, https www, www reddit, message"
43,Marathon Training,1552,P3-Deprioritize,0.232,1.75,41.6,16.6,declining,-8.8,"pts, marathon, time, half, running"
320,Training Plans,234,P2-Monitor,0.232,1.76,33.0,24.7,stable,-1.4,"plan, pfitz, marathon, plans, training"
284,"Topic: bbqlays, pts, com",2346,P2-Monitor,0.231,1.31,32.8,13.7,stable,-0.3,"bbqlays, pts, com, io, post"
124,Cold Weather Running,1295,P2-Monitor,0.231,1.42,34.4,14.2,stable,2.4,"pts, running, cold, gloves, run"
377,Marathon Training,112,P2-Monitor,0.23,1.69,40.5,21.6,stable,0.4,"pts, finish, time, marathon, really"
27,Race Discussion,119,P2-Monitor,0.23,1.87,40.7,18.7,stable,-5.7,"pts, donuts, donut, run, race"
347,Running Watches & Tech,257,P2-Monitor,0.23,1.66,46.1,10.3,stable,0.1,"strava, gps, pts, watch, run"
59,"Topic: vest, running, weighted",132,P2-Monitor,0.229,1.64,31.2,22.7,stable,1.4,"vest, running, weighted, weight, pts"
77,"Topic: pts, run, long",230,P3-Deprioritize,0.229,1.83,45.8,17.2,declining,-5.3,"pts, run, long, just, braid"
54,Marathon Training,1006,P2-Monitor,0.229,1.53,35.7,17.3,stable,-0.7,"pts, ultra, run, training, marathon"
34,"Topic: running, people, run",250,P3-Deprioritize,0.229,2.01,42.4,21.6,declining,-11.2,"running, people, run, masks, wear"
215,"Topic: pts, races, year",139,P3-Deprioritize,0.229,1.92,57.1,5.0,declining,-7.9,"pts, races, year, refund, money"
121,"Topic: pts, water, vest",1048,P2-Monitor,0.228,1.6,43.1,12.2,stable,-3.4,"pts, water, vest, running, hydration"
140,"Topic: run, pts, eat",940,P2-Monitor,0.228,1.63,37.6,18.3,stable,-4.0,"run, pts, eat, running, just"
148,"Topic: running, city, drive",197,P2-Monitor,0.228,1.78,43.8,13.0,stable,-4.1,"running, city, drive, just, people"
26,"Topic: run, running, just",157,P2-Monitor,0.228,1.65,41.0,14.1,stable,-0.2,"run, running, just, vacation, new"
60,Marathon Training,124,P2-Monitor,0.228,1.63,43.5,16.1,stable,0.4,"pts, marathon, race, running, run"
213,Marathon Training,159,P2-Monitor,0.228,1.55,37.7,14.5,stable,2.8,"pts, boston, time, marathon, qualifying"
31,"Topic: pts, david, david goggins",111,P2-Monitor,0.227,1.71,33.3,21.1,stable,-2.1,"pts, david, david goggins, like, running"
99,"Topic: running, home, day",282,P2-Monitor,0.227,1.71,43.6,17.4,stable,-3.4,"running, home, day, clothes, shower"
49,Heart Rate Training,363,P2-Monitor,0.227,1.61,41.0,12.0,stable,-1.1,"pts, running, heart, people, just"
97,Race Discussion,130,P2-Monitor,0.226,1.52,44.6,6.9,stable,3.0,"pts, race, naked, running, people"
248,"Topic: pts, running, run",439,P2-Monitor,0.226,1.59,46.5,9.0,stable,-1.0,"pts, running, run, just, like"
270,Running Shoes,236,P2-Monitor,0.226,1.77,46.0,14.8,stable,-5.8,"pts, pair, pairs, shoe, running"
346,Running Watches & Tech,939,P2-Monitor,0.225,1.57,40.1,11.4,stable,-4.3,"strava, pts, app, use, garmin"
73,Cold Weather Running,195,P2-Monitor,0.225,1.61,43.1,10.7,stable,-1.2,"ice, pts, recovery, bath, cold"
158,"Topic: post, title, pts title",174,P2-Monitor,0.224,1.52,24.9,24.9,stable,1.6,"post, title, pts title, run, pts app"
79,Race Discussion,127,P2-Monitor,0.224,1.71,50.0,11.5,stable,-4.2,"pts, running, time, run, wife"
295,"Topic: fartlek, run, pts",300,P2-Monitor,0.224,1.51,28.2,23.5,stable,0.8,"fartlek, run, pts, pace, fartleks"
32,"Topic: running, pts, book",740,P2-Monitor,0.224,1.49,34.2,17.9,stable,-1.2,"running, pts, book, run, read"
22,"Topic: pts, women, running",362,P3-Deprioritize,0.224,1.8,47.1,14.3,declining,-8.9,"pts, women, running, trans, just"
351,"Topic: miles, week, runs",108,P2-Monitor,0.223,1.56,41.9,14.5,stable,-0.3,"miles, week, runs, weekly, mileage"
116,"Topic: hat, sweat, running",190,P2-Monitor,0.223,1.57,48.9,5.9,stable,-0.9,"hat, sweat, running, hats, like"
222,Race Discussion,173,P2-Monitor,0.223,1.54,40.7,14.5,stable,-0.2,"medals, race, medal, display, like"
68,"Topic: running, pts, _____",2176,P3-Deprioritize,0.223,1.48,40.8,12.9,declining,-10.6,"running, pts, _____, com, like"
322,Marathon Training,118,P3-Deprioritize,0.222,1.73,39.3,24.1,declining,-6.1,"marathon, race, training, week, taper"
214,Marathon Training,501,P2-Monitor,0.222,1.53,40.6,14.9,stable,-2.2,"marathon, lottery, year, got, time"
74,"Topic: rope, running, jump",102,P2-Monitor,0.222,1.59,37.6,18.8,stable,-1.9,"rope, running, jump, pts, jump rope"
91,Race Discussion,238,P2-Monitor,0.222,1.59,34.9,11.9,stable,-2.9,"race, races, racing, just, day"
192,"Topic: running, run, playlist",508,P2-Monitor,0.222,1.34,31.5,18.4,stable,3.3,"running, run, playlist, music, song"
135,"Topic: pts, run, drink",449,P2-Monitor,0.22,1.45,38.5,12.7,stable,-0.8,"pts, run, drink, need, runs"
162,Running Shoes,246,P3-Deprioritize,0.219,1.62,46.6,9.3,declining,-5.9,"shoes, running, old, running shoes, pair"
167,Training Plans,574,P2-Monitor,0.219,1.35,25.4,20.4,stable,0.5,"running, jack, jack daniels, training, plan"
51,"Topic: pts, doping, athletes",318,P2-Monitor,0.218,1.39,43.2,5.5,stable,0.7,"pts, doping, athletes, just, like"
61,Marathon Training,162,P2-Monitor,0.218,1.45,35.0,15.0,stable,-0.3,"costume, run, race, running, marathon"
120,"Topic: running, work, run",165,P2-Monitor,0.218,1.5,46.1,7.3,stable,-1.8,"running, work, run, laptop, backpack"
41,Marathon Training,364,P2-Monitor,0.218,1.55,45.5,10.5,stable,-5.0,"race, marathon, like, running, run"
3,"Topic: stupid questions, ask, questions thread",147,P2-Monitor,0.217,1.44,67.8,2.7,stable,-0.8,"stupid questions, ask, questions thread, know, running"
188,"Topic: bpm, spotify, running",101,P2-Monitor,0.217,1.49,38.2,13.7,stable,-2.4,"bpm, spotify, running, playlists, music"
226,"Topic: running, pts, training",137,P3-Deprioritize,0.217,1.59,33.3,20.0,declining,-5.7,"running, pts, training, machine, run"
153,Race Discussion,177,P2-Monitor,0.216,1.48,43.5,10.7,stable,-2.6,"pts, team, ragnar, race, relay"
13,"Topic: sunglasses, running, goodr",226,P2-Monitor,0.216,1.51,46.1,4.6,stable,-4.2,"sunglasses, running, goodr, pair, glasses"
189,"Topic: running, podcast, podcasts",272,P3-Deprioritize,0.215,1.57,33.7,19.4,declining,-6.5,"running, podcast, podcasts, like, listen"
205,Marathon Training,905,P3-Deprioritize,0.215,1.4,35.6,13.8,declining,-5.3,"marathon, half, race, run, course"
236,"Topic: college, pts, school",158,P2-Monitor,0.215,1.45,47.5,1.9,stable,-2.7,"college, pts, school, running, team"
111,"Topic: calories, pts, burned",142,P2-Monitor,0.214,1.37,29.4,14.7,stable,-0.3,"calories, pts, burned, weight, run"
361,"Topic: tempo, pace, threshold",493,P2-Monitor,0.214,1.35,22.9,22.0,stable,-1.9,"tempo, pace, threshold, run, runs"
17,"Topic: pts, running, run",171,P2-Monitor,0.214,1.54,36.9,11.3,stable,-5.7,"pts, running, run, humans, horse"
289,Beginner Running,215,P2-Monitor,0.214,1.39,9.5,37.4,stable,-1.9,"slow, fast, pace, speed, going"
332,"Topic: pts, run, data",206,P2-Monitor,0.213,1.41,36.4,12.9,stable,-2.5,"pts, run, data, running, strava"
359,"Topic: training, running, base training",135,P2-Monitor,0.213,1.28,23.1,20.3,stable,1.8,"training, running, base training, building, base building"
123,"Topic: jacket, rain, running",182,P2-Monitor,0.213,1.43,42.6,13.1,stable,-3.3,"jacket, rain, running, waterproof, houdini"
76,Running Shoes,278,P2-Monitor,0.213,1.29,34.1,12.7,stable,0.4,"gift, socks, like, good, runner"
217,Race Discussion,168,P3-Deprioritize,0.213,1.52,37.9,16.6,declining,-5.9,"pts, race, races, run, just"
45,"Topic: day, running, miles",461,P2-Monitor,0.213,1.35,39.1,9.2,stable,-2.7,"day, running, miles, days, run"
151,"Topic: genetics, pts, genetic",193,P2-Monitor,0.213,1.28,31.6,12.7,stable,1.0,"genetics, pts, genetic, training, people"
281,Running Pain & Injuries,514,P2-Monitor,0.213,1.32,46.9,4.1,stable,-2.1,"injury, doctor, just, rest, injured"
268,Running Shoes,574,P2-Monitor,0.212,1.21,27.1,15.8,stable,0.6,"shoes, pts, shoe, carbon, running"
139,"Topic: pts, rice, vegan",230,P2-Monitor,0.212,1.43,33.0,17.9,stable,-4.1,"pts, rice, vegan, protein, diet"
313,Marathon Training,148,P2-Monitor,0.212,1.35,35.4,12.9,stable,-1.0,"pts, marathon, half, run, race"
52,Marathon Training,933,P3-Deprioritize,0.212,1.32,33.6,12.9,declining,-5.2,"marathon, kipchoge, run, race, record"
204,"Topic: light, running, reflective",487,P2-Monitor,0.212,1.37,42.5,9.2,stable,-4.1,"light, running, reflective, vest, headlamp"
312,"Topic: power, stryd, running",244,P2-Monitor,0.212,1.31,31.5,15.3,stable,-1.0,"power, stryd, running, training, pts"
307,"Topic: sprinting, running, 100m",219,P2-Monitor,0.211,1.42,25.8,22.5,stable,-4.2,"sprinting, running, 100m, sprint, training"
138,"Topic: protein, carbs, diet",394,P2-Monitor,0.211,1.29,30.9,15.0,stable,-1.4,"protein, carbs, diet, pts, keto"
129,"Topic: pts, km, miles",174,P2-Monitor,0.211,1.28,32.0,11.8,stable,0.1,"pts, km, miles, mile, metric"
279,"Topic: run, day, doubles",378,P2-Monitor,0.21,1.24,32.5,13.8,stable,-0.5,"run, day, doubles, pts, running"
132,Marathon Training,120,P2-Monitor,0.209,1.37,35.8,14.9,stable,-3.6,"pts, race, loading, carbs, carb loading"
83,"Topic: clothes, running, wash",436,P2-Monitor,0.209,1.34,41.6,8.3,stable,-5.0,"clothes, running, wash, just, dry"
154,"Topic: pts, id, emergency",108,P2-Monitor,0.209,1.29,45.5,3.0,stable,-1.6,"pts, id, emergency, run, don"
335,"Topic: run, miles, pts",100,P2-Monitor,0.208,1.36,30.3,17.2,stable,-3.8,"run, miles, pts, runs, running"
343,Heart Rate Training,703,P2-Monitor,0.208,1.2,31.1,9.1,stable,-2.6,"hr, strap, watch, chest, pts"
47,"Topic: pts, running, youtube",266,P2-Monitor,0.208,1.18,27.2,15.8,stable,0.3,"pts, running, youtube, like, sage"
358,"Topic: lactate, vo2, max",1458,P2-Monitor,0.207,0.99,20.4,14.0,stable,-1.0,"lactate, vo2, max, vo2max, vo2 max"
296,"Topic: run, like, just",335,P2-Monitor,0.207,1.21,18.9,21.2,stable,-1.4,"run, like, just, pace, running"
9,"Topic: nbsp, american, friday",192,P2-Monitor,0.207,1.28,25.0,22.4,stable,-2.7,"nbsp, american, friday, bye, english"
229,Running Shoes,118,P2-Monitor,0.207,1.19,40.7,5.1,stable,0.6,"men, women, running, size, feet"
117,"Topic: sunscreen, sun, face",285,P2-Monitor,0.207,1.22,37.3,7.4,stable,-1.6,"sunscreen, sun, face, long, skin"
103,"Topic: pts, run, running",176,P2-Monitor,0.207,1.16,35.8,7.3,stable,0.9,"pts, run, running, central, central park"
218,Marathon Training,292,P3-Deprioritize,0.207,1.37,41.8,8.2,declining,-6.2,"marathon, race, races, year, people"
141,"Topic: kudos, strava, run",102,P3-Deprioritize,0.207,1.37,31.4,16.7,declining,-5.1,"kudos, strava, run, just, people"
333,"Topic: pts, app, run",475,P2-Monitor,0.206,1.26,34.9,9.4,stable,-4.3,"pts, app, run, route, running"
46,Marathon Training,232,P2-Monitor,0.206,1.21,29.2,13.7,stable,-1.4,"running, https, marathon, watch, run"
297,Race Pacing,445,P2-Monitor,0.206,1.15,21.8,17.6,stable,-0.9,"run, just, race, pace, time"
352,Running Watches & Tech,203,P2-Monitor,0.206,1.26,31.6,10.4,stable,-2.8,"garmin, watch, pts, pace, running"
126,Half Marathon,116,P2-Monitor,0.206,1.24,37.1,7.8,stable,-2.0,"pts, shorts, wear, running, like"
360,"Topic: pace, run, intervals",308,P2-Monitor,0.204,1.19,17.6,23.3,stable,-2.4,"pace, run, intervals, rest, mile"
95,"Topic: pts, height, running",101,P2-Monitor,0.204,1.15,26.8,14.6,stable,-0.0,"pts, height, running, taller, tall"
2,"Topic: questions, post, question",143,P2-Monitor,0.204,1.12,55.9,0.0,stable,0.5,"questions, post, question, https, running comments"
136,"Topic: pts, electrolytes, salt",436,P2-Monitor,0.202,1.12,30.7,9.7,stable,-2.8,"pts, electrolytes, salt, water, like"
216,Race Discussion,216,P2-Monitor,0.202,1.05,33.3,5.6,stable,0.6,"race, pts, races, 5k, like"
44,Race Discussion,290,P2-Monitor,0.201,1.14,34.5,6.5,stable,-2.8,"pts, barkley, race, loop, com"
90,"Topic: shirt, running, like",190,P3-Deprioritize,0.2,1.28,40.3,9.4,declining,-7.3,"shirt, running, like, shirts, com"
272,Beginner Running,158,P3-Deprioritize,0.2,1.23,37.4,8.4,declining,-5.6,"time, pts, course, race, distance"
372,Marathon Training,201,P2-Monitor,0.2,1.1,18.4,17.4,stable,-1.9,"half, marathon, 10, https, www"
246,Running Shoes,153,P2-Monitor,0.199,1.14,33.1,9.7,stable,-3.5,"road, running, pts, trail shoes, trails"
29,"Topic: post, running, pts",1822,P2-Monitor,0.199,0.8,21.6,8.7,stable,-3.3,"post, running, pts, com, imgur"
53,Marathon Training,114,P3-Deprioritize,0.199,1.21,27.6,13.8,declining,-5.8,"running, age, marathon, old, year"
152,Race Discussion,163,P2-Monitor,0.198,0.98,20.0,17.2,stable,0.8,"race, day, run, week, days"
106,"Topic: caffeine, coffee, pts",301,P2-Monitor,0.196,1.04,22.5,12.0,stable,-3.2,"caffeine, coffee, pts, run, like"
221,Race Discussion,147,P2-Monitor,0.196,1.0,28.1,7.5,stable,-1.2,"race, medals, medal, shirts, races"
10,"Topic: pts, survey, running",168,P2-Monitor,0.196,1.06,28.1,10.8,stable,-3.4,"pts, survey, running, https, study"
294,Marathon Training,135,P2-Monitor,0.195,0.91,19.1,11.0,stable,1.2,"runalyze, garmin, race, 5k, marathon"
93,"Topic: supplements, pts, creatine",285,P2-Monitor,0.195,0.9,23.7,8.6,stable,0.5,"supplements, pts, creatine, vitamin, running"
323,Marathon Training,237,P2-Monitor,0.195,0.92,18.5,13.1,stable,-0.1,"week, race, tapering, weeks, pts"
184,"Topic: pts, run, running",1621,P3-Deprioritize,0.194,0.88,29.4,5.9,declining,-7.3,"pts, run, running, trail, park"
166,Race Pacing,190,P2-Monitor,0.191,0.99,20.0,14.9,stable,-4.4,"marathon, calculator, race, 5k, pace"
374,Marathon Training,1468,P3-Deprioritize,0.191,0.83,16.3,12.9,declining,-7.4,"marathon, com, 10, half, https"
338,"Topic: 800, 800m, 400",435,P2-Monitor,0.19,0.94,21.8,11.3,stable,-4.9,"800, 800m, 400, run, 400m"
368,Half Marathon,210,P2-Monitor,0.189,0.71,17.1,9.5,stable,2.7,"com, 10, https, half, www"
363,Half Marathon,197,P2-Monitor,0.189,0.91,19.8,14.7,stable,-3.5,"half, https, com, half marathon, strava"
375,Half Marathon,265,P3-Deprioritize,0.188,0.95,18.9,13.2,declining,-5.7,"half, 10, com, https, 11"
293,"Topic: thanks, just, thank",2545,P2-Monitor,0.187,0.4,10.2,5.1,stable,-2.8,"thanks, just, thank, yeah, good"
369,Half Marathon,281,P2-Monitor,0.187,0.81,17.4,11.7,stable,-2.3,"com, half, toronto, https, www"
64,"Topic: koteko_, run, week",166,P2-Monitor,0.185,0.79,16.1,12.7,stable,-1.9,"koteko_, run, week, koteko, just"
219,Marathon Training,173,P3-Deprioritize,0.184,0.89,21.5,10.5,declining,-5.4,"pts, running, com, time, https"
19,"Topic: 833784057283608577, 329242328483102722 833784057283608577, 392625742539915265",245,P2-Monitor,0.183,0.77,12.3,13.2,stable,-2.9,"833784057283608577, 329242328483102722 833784057283608577, 392625742539915265, 329242328483102722 392625742539915265, 833784057283608577 1068501586634084352"
371,Marathon Training,304,P3-Deprioritize,0.183,0.82,21.1,8.2,declining,-5.2,"marathon, www, https, strava, com"
291,"Topic: book, https, read",342,P2-Monitor,0.182,0.6,14.6,7.5,stable,0.6,"book, https, read, maximus, moosimus maximus"
370,Marathon Training,222,P2-Monitor,0.181,0.6,12.2,9.5,stable,0.3,"half, marathon, www, half marathon, https"
143,"Topic: science, running, running science",109,P2-Monitor,0.179,0.61,17.8,5.3,stable,-0.1,"science, running, running science, sports, https"
20,"Topic: training, kyle, run",144,P2-Monitor,0.178,0.36,12.5,1.4,stable,6.4,"training, kyle, run, questions, training https"
288,"Topic: accurate, just, test",153,P2-Monitor,0.178,0.51,14.1,5.4,stable,1.8,"accurate, just, test, like, don"
283,Training Plans,268,P2-Monitor,0.177,0.56,14.8,6.3,stable,-1.0,"training, train, like, just, plan"
286,"Topic: volume, base, just",115,P2-Monitor,0.176,0.57,18.0,5.6,stable,-1.0,"volume, base, just, building, like"
292,"Topic: pts, good, congrats",237,P2-Monitor,0.175,0.46,11.2,7.5,stable,0.8,"pts, good, congrats, great, congratulations"
220,"Topic: pts, eb, miles",238,P3-Deprioritize,0.175,0.82,21.0,9.2,declining,-10.4,"pts, eb, miles, results, mile"
315,"Topic: mileage, weekly, mpw",237,P2-Monitor,0.174,0.54,10.2,7.4,stable,-1.8,"mileage, weekly, mpw, miles, week"
290,Running Watches & Tech,122,P2-Monitor,0.174,0.47,9.3,7.2,stable,0.6,"com, youtu, https youtu, www, https www"
285,"Topic: free, app, subscription",105,P2-Monitor,0.174,0.45,14.0,2.2,stable,1.3,"free, app, subscription, just, version"
267,Running Shoes,111,P2-Monitor,0.173,0.52,18.5,3.1,stable,-1.2,"track, running, pts, shoes, just"
203,"Topic: pts, comments, com",154,P3-Deprioritize,0.172,1.32,40.5,8.5,dying,-26.8,"pts, comments, com, running comments, com running"
330,Race Pacing,102,P2-Monitor,0.17,0.38,6.9,6.9,stable,1.4,"km, pace, like, mile, 30"
282,"Topic: koteko_, koteko, thanks",124,P2-Monitor,0.17,0.4,11.5,4.7,stable,0.0,"koteko_, koteko, thanks, just, good"
298,"Topic: 20, sub 20, time",121,P2-Monitor,0.169,0.4,8.9,7.3,stable,-0.1,"20, sub 20, time, just, goal"
287,"Topic: oh, cat, im",245,P2-Monitor,0.169,0.43,10.9,5.8,stable,-2.4,"oh, cat, im, running, funny"
0,Topic: pts,100,P2-Monitor,0.15,0.11,2.9,1.0,stable,-3.8,pts
1,General Running Discussion,102,P2-Monitor,0.147,0.0,0.0,0.0,stable,-2.8,
